<?xml version="1.0"?>
<level>
  <block x="94.158" y="11.171" material="wood" angle="270.174" width="4" height="2"/>
  <block x="95.155" y="14.166" material="wood" angle="181.779" width="4" height="2"/>
  <target type="small" x="96.234" y="10.246"/>
  <target type="small" x="86.441" y="1.113"/>
  <block x="99.805" y="23.324" material="wood" angle="272.903" width="4" height="2"/>
  <block x="97.204" y="4.26" material="solid" angle="90.017" width="10" height="10"/>
  <block x="99.486" y="20.335" material="wood" angle="2.861" width="4" height="2"/>
  <block x="95.829" y="21.608" material="wood" angle="330.43" width="4" height="2"/>
  <block x="91.979" y="14.199" material="wood" angle="100.393" width="4" height="2"/>
  <block x="89.978" y="14.568" material="wood" angle="100.409" width="4" height="2"/>
  <block x="95.317" y="16.196" material="wood" angle="181.783" width="4" height="2"/>
  <block x="84.327" y="2.068" material="wood" angle="90.075" width="4" height="2"/>
  <block x="82.241" y="2.069" material="wood" angle="269.696" width="4" height="2"/>
  <bozel x="12.72" y="1.255" type="yellow" id="2"/>
  <bozel x="10.211" y="1.21" type="yellow" id="3"/>
  <bozel x="15.448" y="1.003" type="yellow" id="1"/>
  <bozel x="7.581" y="1.105" type="yellow" id="4"/>
  <bozel x="5" y="1.119" type="yellow" id="5"/>
  <block x="85.459" y="5.081" material="wood" angle="188.67" width="4" height="2"/>
  <block x="90.224" y="9.422000000000001" material="wood" angle="10.493" width="4" height="2"/>
  <block x="91.35" y="17.367" material="wood" angle="190.53" width="4" height="2"/>
  <block x="99.648" y="18.291" material="wood" angle="182.866" width="4" height="2"/>
  <block x="88.895" y="6.487" material="wood" angle="270.177" width="4" height="2"/>
  <block x="94.576" y="18.723" material="wood" angle="17.008" width="4" height="2"/>
  <block x="98.294" y="15.339" material="wood" angle="91.776" width="4" height="2"/>
  <block x="90.616" y="11.402" material="wood" angle="190.443" width="4" height="2"/>
  <block x="85.673" y="7.108" material="wood" angle="188.69" width="4" height="2"/>
  <block x="87.122" y="9.943" material="wood" angle="279.597" width="4" height="2"/>
  <target type="small" x="91.169" y="5.587"/>
  <target type="small" x="100.71" y="14.418"/>
  <block x="106.959" y="14.09" material="solid" angle="90" width="10" height="10"/>
  <block x="106.86" y="4.518" material="solid" angle="90" width="10" height="10"/>
  <block x="106.941" y="32.885" material="solid" angle="90" width="10" height="10"/>
  <block x="106.927" y="23.546" material="solid" angle="90" width="10" height="10"/>
  <block x="90.021" y="2.007" material="solid" angle="90.017" width="5" height="5"/>
  <block x="99.794" y="10.828" material="solid" angle="90.017" width="5" height="5"/>
</level>
