<?xml version="1.0"?>
<level>
  <ellipse x="87.291" y="28.254" material="stone" angle="84.841" width="2" height="2"/>
  <ellipse x="83.534" y="27.031" material="stone" angle="114.978" width="2" height="2"/>
  <block x="10.127" y="8.539999999999999" material="solid" angle="0" width="7" height="2"/>
  <block x="3.045" y="1.218" material="solid" angle="0" width="7" height="2"/>
  <block x="68.752" y="-0.837" material="solid" angle="224.999" width="10" height="10"/>
  <block x="85.743" y="19.324" material="solid" angle="179.999" width="10" height="2"/>
  <ellipse x="88.658" y="27.1" material="stone" angle="119.009" width="2" height="2"/>
  <block x="106.923" y="-0.733" material="solid" angle="44.999" width="10" height="10"/>
  <ellipse x="84.819" y="28.344" material="stone" angle="78.536" width="2" height="2"/>
  <ellipse x="86.081" y="29.555" material="stone" angle="102.141" width="2" height="2"/>
  <bozel x="5.52" y="2.946" type="red" id="2"/>
  <bozel x="3.034" y="2.953" type="red" id="3"/>
  <bozel x="10" y="10.53" type="red" id="1"/>
  <bozel x="0.621" y="2.895" type="red" id="4"/>
  <target type="small" x="97.797" y="1.182"/>
  <target type="small" x="100.07" y="1.169"/>
  <target type="small" x="78.293" y="1.182"/>
  <target type="small" x="93.049" y="1.182"/>
  <target type="small" x="95.61" y="1.189"/>
  <target type="small" x="75.732" y="1.189"/>
  <target type="big" x="85.854" y="2.408"/>
  <block x="82.609" y="21.238" material="ice" angle="180.041" width="4" height="2"/>
  <ellipse x="85.958" y="26.011" material="stone" angle="102.644" width="4" height="4"/>
  <block x="88.414" y="21.24" material="stone" angle="359.969" width="4" height="2"/>
  <block x="85.503" y="23.272" material="stone" angle="359.955" width="4" height="2"/>
  <block x="9.020000000000001" y="4.482" material="solid" angle="270" width="9" height="3"/>
  <block x="82.255" y="24.24" material="stone" angle="90.239" width="4" height="2"/>
  <block x="88.854" y="24.243" material="stone" angle="90.037" width="4" height="2"/>
  <target type="big" x="81.295" y="1.919"/>
  <block x="11.234" y="4.605" material="solid" angle="90" width="9" height="3"/>
  <target type="big" x="90" y="1.919"/>
</level>
