<?xml version="1.0"?>
<level>
  <block x="107.328" y="3.982" material="stone" angle="89.992" width="8" height="1"/>
  <block x="96.156" y="3.983" material="stone" angle="89.961" width="8" height="1"/>
  <block x="105.791" y="3.981" material="stone" angle="89.882" width="8" height="1"/>
  <block x="101.782" y="8.441000000000001" material="stone" angle="0.153" width="8" height="1"/>
  <block x="84.751" y="10.952" material="stone" angle="359.97" width="4" height="2"/>
  <block x="84.787" y="15.019" material="stone" angle="359.945" width="4" height="2"/>
  <block x="118.213" y="10.967" material="stone" angle="359.965" width="4" height="2"/>
  <block x="118.186" y="15.031" material="stone" angle="359.93" width="4" height="2"/>
  <block x="97.591" y="3.984" material="stone" angle="90.295" width="8" height="1"/>
  <block x="93.377" y="8.452" material="stone" angle="359.864" width="8" height="1"/>
  <ellipse x="94.99" y="11.801" material="ice" angle="346.661" width="4" height="4"/>
  <ellipse x="98.085" y="10.636" material="ice" angle="2.329" width="4" height="4"/>
  <ellipse x="94.184" y="20.606" material="ice" angle="14.051" width="4" height="4"/>
  <ellipse x="107.198" y="20.71" material="ice" angle="344.918" width="4" height="4"/>
  <ellipse x="103.952" y="21.604" material="ice" angle="11.252" width="4" height="4"/>
  <ellipse x="110.939" y="20.532" material="ice" angle="349.425" width="4" height="4"/>
  <target type="big" x="101.889" y="1.869"/>
  <block x="16.247" y="2.282" material="solid" angle="180" width="5" height="5"/>
  <block x="120.175" y="8.936999999999999" material="stone" angle="359.994" width="4" height="2"/>
  <block x="86.963" y="8.920999999999999" material="stone" angle="359.98" width="4" height="2"/>
  <block x="86.899" y="25.185" material="stone" angle="0.289" width="4" height="2"/>
  <block x="115.913" y="25.176" material="stone" angle="359.389" width="4" height="2"/>
  <block x="120.159" y="13.001" material="stone" angle="359.97" width="4" height="2"/>
  <block x="116.12" y="8.936" material="stone" angle="359.995" width="4" height="2"/>
  <block x="82.849" y="12.984" material="stone" angle="359.932" width="4" height="2"/>
  <block x="120.253" y="21.127" material="stone" angle="0.015" width="4" height="2"/>
  <block x="119.945" y="25.193" material="stone" angle="0.138" width="4" height="2"/>
  <block x="82.856" y="25.176" material="stone" angle="359.528" width="4" height="2"/>
  <block x="121.215" y="10.97" material="stone" angle="359.978" width="2" height="2"/>
  <block x="86.934" y="19.086" material="stone" angle="0.075" width="2" height="2"/>
  <block x="120.303" y="19.096" material="stone" angle="0.014" width="2" height="2"/>
  <block x="87.753" y="10.954" material="stone" angle="359.972" width="2" height="2"/>
  <block x="81.784" y="15.014" material="stone" angle="359.878" width="2" height="2"/>
  <block x="87.789" y="15.02" material="stone" angle="359.999" width="2" height="2"/>
  <block x="120.182" y="23.159" material="stone" angle="0.057" width="2" height="2"/>
  <block x="115.829" y="23.143" material="stone" angle="359.427" width="2" height="2"/>
  <block x="115.177" y="15.023" material="stone" angle="359.824" width="2" height="2"/>
  <block x="115.212" y="10.965" material="stone" angle="359.941" width="2" height="2"/>
  <ellipse x="90.461" y="15.191" material="ice" angle="359.53" width="4" height="4"/>
  <ellipse x="91.952" y="18.146" material="ice" angle="1.645" width="4" height="4"/>
  <ellipse x="98.887" y="17.288" material="ice" angle="353.541" width="4" height="4"/>
  <ellipse x="101.595" y="19.284" material="ice" angle="350.096" width="4" height="4"/>
  <ellipse x="97.557" y="20.331" material="ice" angle="351.689" width="4" height="4"/>
  <ellipse x="95.596" y="17.615" material="ice" angle="356.58" width="4" height="4"/>
  <ellipse x="112.612" y="17.666" material="ice" angle="16.652" width="4" height="4"/>
  <ellipse x="104.791" y="18.405" material="ice" angle="356.442" width="4" height="4"/>
  <ellipse x="108.219" y="12.749" material="ice" angle="359.718" width="4" height="4"/>
  <ellipse x="110.604" y="15.038" material="ice" angle="353.129" width="4" height="4"/>
  <block x="86.782" y="23.152" material="stone" angle="0.201" width="2" height="2"/>
  <block x="82.678" y="19.078" material="stone" angle="359.762" width="2" height="2"/>
  <target type="big" x="111.895" y="11.294"/>
  <block x="82.723" y="23.142" material="stone" angle="359.603" width="2" height="2"/>
  <target type="big" x="91.071" y="11.282"/>
  <block x="118.242" y="7.027" material="solid" angle="359.997" width="10" height="2"/>
  <block x="85.123" y="7.008" material="solid" angle="359.997" width="10" height="2"/>
  <block x="5" y="-0.775" material="solid" angle="225.001" width="10" height="10"/>
  <block x="120.321" y="2.373" material="solid" angle="250.525" width="10" height="2"/>
  <block x="82.648" y="2.503" material="solid" angle="112.305" width="10" height="2"/>
  <block x="116.411" y="2.274" material="solid" angle="106.633" width="10" height="2"/>
  <block x="110.189" y="8.458" material="stone" angle="359.961" width="8" height="1"/>
  <block x="16.277" y="5.376" material="solid" angle="0" width="5" height="2"/>
  <block x="18.578" y="-0.835" material="solid" angle="225.001" width="10" height="10"/>
  <block x="9.843" y="1.188" material="solid" angle="180" width="10" height="10"/>
  <ellipse x="108.939" y="17.897" material="ice" angle="8.274" width="4" height="4"/>
  <ellipse x="106.554" y="15.606" material="ice" angle="355.999" width="4" height="4"/>
  <ellipse x="104.043" y="13.456" material="ice" angle="6.448" width="4" height="4"/>
  <ellipse x="101.929" y="15.995" material="ice" angle="359.686" width="4" height="4"/>
  <ellipse x="102.332" y="10.626" material="ice" angle="355.598" width="4" height="4"/>
  <ellipse x="105.707" y="10.602" material="ice" angle="355.324" width="4" height="4"/>
  <ellipse x="93.753" y="14.869" material="ice" angle="8.431" width="4" height="4"/>
  <ellipse x="100.215" y="13.167" material="ice" angle="357.812" width="4" height="4"/>
  <ellipse x="97.12" y="14.332" material="ice" angle="12.181" width="4" height="4"/>
  <block x="121.19" y="15.033" material="stone" angle="359.992" width="2" height="2"/>
  <block x="115.954" y="19.084" material="stone" angle="359.603" width="2" height="2"/>
  <block x="81.749" y="10.95" material="stone" angle="359.951" width="2" height="2"/>
  <block x="114.5" y="27.196" material="stone" angle="89.332" width="2" height="1"/>
  <block x="88.431" y="27.213" material="stone" angle="90.333" width="2" height="1"/>
  <block x="84.61" y="27.226" material="stone" angle="89.475" width="2" height="1"/>
  <block x="81.358" y="27.199" material="stone" angle="89.471" width="2" height="1"/>
  <block x="117.656" y="27.229" material="stone" angle="89.437" width="2" height="1"/>
  <block x="121.47" y="27.224" material="stone" angle="90.185" width="2" height="1"/>
  <block x="87.351" y="2.552" material="solid" angle="247.689" width="10" height="2"/>
  <bozel x="12.147" y="7.446" type="black" id="2"/>
  <bozel x="9.452" y="7.446" type="black" id="3"/>
  <bozel x="16.254" y="7.227" type="black" id="1"/>
  <bozel x="6.675" y="7.446" type="black" id="4"/>
  <block x="86.883" y="12.987" material="stone" angle="359.984" width="4" height="2"/>
  <block x="82.791" y="8.919" material="stone" angle="359.989" width="4" height="2"/>
  <block x="116.131" y="21.115" material="stone" angle="359.494" width="4" height="2"/>
  <block x="116.139" y="12.996" material="stone" angle="359.907" width="4" height="2"/>
  <block x="86.964" y="21.118" material="stone" angle="0.132" width="4" height="2"/>
  <block x="82.798" y="21.11" material="stone" angle="359.687" width="4" height="2"/>
  <block x="82.74" y="17.048" material="stone" angle="359.84" width="4" height="2"/>
  <block x="86.974" y="17.053" material="stone" angle="0.028" width="4" height="2"/>
  <block x="116.252" y="17.058" material="stone" angle="359.77" width="4" height="2"/>
  <block x="120.241" y="17.066" material="stone" angle="0.015" width="4" height="2"/>
</level>
