<?xml version="1.0"?>
<level>
  <block x="39.37" y="13.104" material="wood" angle="270.045" width="8" height="1"/>
  <ellipse x="55.75" y="14.13" material="stone" angle="45" width="2" height="2"/>
  <block x="64.134" y="22.112" material="stone" angle="89.747" width="8" height="1"/>
  <block x="57.509" y="22.083" material="stone" angle="89.713" width="8" height="1"/>
  <block x="40.542" y="4.191" material="solid" angle="90" width="10" height="10"/>
  <block x="60.676" y="26.612" material="stone" angle="359.669" width="8" height="1"/>
  <ellipse x="48.669" y="14.133" material="stone" angle="45" width="2" height="2"/>
  <block x="61.992" y="4.178" material="solid" angle="90" width="10" height="10"/>
  <ellipse x="46.65" y="14.13" material="stone" angle="45" width="2" height="2"/>
  <ellipse x="53.719" y="14.147" material="stone" angle="45" width="2" height="2"/>
  <bozel x="4.2" y="0.916" type="red" id="2"/>
  <bozel x="1.75" y="0.896" type="red" id="3"/>
  <bozel x="10" y="0.863" type="yellow" id="1"/>
  <block x="44.115" y="13.103" material="wood" angle="270.095" width="8" height="1"/>
  <block x="41.789" y="17.619" material="wood" angle="0.08" width="8" height="1"/>
  <block x="45.28" y="22.088" material="wood" angle="89.704" width="8" height="1"/>
  <block x="38.33" y="22.098" material="wood" angle="89.702" width="8" height="1"/>
  <block x="41.806" y="26.601" material="wood" angle="0.305" width="8" height="1"/>
  <target type="big" x="41.814" y="20.092"/>
  <target type="big" x="60.562" y="20.1"/>
  <target type="big" x="51.247" y="1.661"/>
  <block x="41.864" y="11.135" material="wood" angle="270.054" width="4" height="2"/>
  <block x="41.864" y="15.102" material="wood" angle="270.065" width="4" height="2"/>
  <block x="60.807" y="17.621" material="stone" angle="359.72" width="8" height="1"/>
  <block x="63.3" y="13.092" material="stone" angle="90" width="8" height="1"/>
  <block x="60.866" y="11.133" material="stone" angle="89.875" width="4" height="2"/>
  <block x="55.25" y="10.76" material="solid" angle="0" width="5" height="5"/>
  <block x="58.351" y="13.081" material="stone" angle="88.983" width="8" height="1"/>
  <block x="60.907" y="15.102" material="stone" angle="89.776" width="4" height="2"/>
  <block x="47.15" y="10.76" material="solid" angle="0" width="5" height="5"/>
</level>
