<?xml version="1.0"?>
<level>
  <block x="78.456" y="3.242" material="ice" angle="315.148" width="8" height="1"/>
  <block x="72.011" y="3.237" material="ice" angle="224.987" width="8" height="1"/>
  <block x="84.104" y="11.729" material="solid" angle="90" width="5" height="2"/>
  <block x="82.638" y="11.729" material="solid" angle="90" width="5" height="2"/>
  <block x="12.959" y="2.297" material="solid" angle="283.794" width="5" height="2"/>
  <block x="17.593" y="2.287" material="solid" angle="256.037" width="5" height="2"/>
  <target type="small" x="75.591" y="18.292"/>
  <target type="small" x="80.281" y="1.172"/>
  <block x="77.198" y="17.775" material="ice" angle="92.351" width="1" height="1"/>
  <target type="small" x="70.114" y="1.137"/>
  <block x="75.164" y="28.921" material="wood" angle="359.965" width="1" height="1"/>
  <block x="76.303" y="28.92" material="wood" angle="7.363" width="1" height="1"/>
  <block x="65.025" y="28.015" material="wood" angle="1.484" width="1" height="1"/>
  <block x="68.077" y="17.255" material="stone" angle="0.606" width="2" height="2"/>
  <block x="68.378" y="22.844" material="wood" angle="181.601" width="8" height="1"/>
  <block x="66.193" y="27.985" material="wood" angle="1.48" width="1" height="1"/>
  <block x="86.566" y="27.899" material="wood" angle="359.703" width="1" height="1"/>
  <block x="85.495" y="27.893" material="wood" angle="359.686" width="1" height="1"/>
  <block x="82.796" y="22.802" material="wood" angle="179.552" width="8" height="1"/>
  <block x="75.616" y="23.827" material="wood" angle="179.799" width="8" height="1"/>
  <bozel x="10.311" y="1.179" type="yellow" id="2"/>
  <bozel x="7.679" y="1.604" type="black" id="3"/>
  <bozel x="15.428" y="5.738" type="yellow" id="1"/>
  <bozel x="5" y="0.873" type="blue" id="4"/>
  <block x="65.45" y="25.444" material="wood" angle="271.593" width="4" height="2"/>
  <block x="85.908" y="25.344" material="wood" angle="269.648" width="4" height="2"/>
  <block x="75.736" y="26.356" material="wood" angle="270.518" width="4" height="2"/>
  <block x="79.977" y="17.833" material="stone" angle="139.787" width="4" height="1"/>
  <block x="75.419" y="16.714" material="stone" angle="0.778" width="4" height="1"/>
  <block x="70.858" y="17.913" material="stone" angle="42.055" width="4" height="1"/>
  <block x="71.382" y="15.69" material="stone" angle="0.468" width="8" height="1"/>
  <block x="79.708" y="15.646" material="stone" angle="359.748" width="8" height="1"/>
  <block x="82.775" y="21.254" material="stone" angle="359.632" width="2" height="2"/>
  <block x="68.046" y="19.279" material="stone" angle="0.93" width="2" height="2"/>
  <block x="82.821" y="19.227" material="stone" angle="359.743" width="2" height="2"/>
  <block x="68.001" y="21.306" material="stone" angle="1.322" width="2" height="2"/>
  <block x="82.742" y="17.201" material="stone" angle="359.846" width="2" height="2"/>
  <block x="68.044" y="11.378" material="solid" angle="90" width="5" height="2"/>
  <block x="66.582" y="11.368" material="solid" angle="90" width="5" height="2"/>
  <block x="66.582" y="4.414" material="solid" angle="90" width="10" height="2"/>
  <block x="84.087" y="4.609" material="solid" angle="90" width="10" height="2"/>
  <block x="82.533" y="14.245" material="solid" angle="180" width="5" height="2"/>
  <block x="68.226" y="14.295" material="solid" angle="180" width="5" height="2"/>
  <block x="15.356" y="2.481" material="solid" angle="90" width="5" height="5"/>
  <block x="82.533" y="4.618" material="solid" angle="270" width="10" height="2"/>
  <block x="67.978" y="4.37" material="solid" angle="270" width="10" height="2"/>
</level>
