<?xml version="1.0"?>
<level>
  <block x="32.664" y="21.871" material="solid" angle="90" width="10" height="10"/>
  <block x="32.629" y="3.454" material="solid" angle="-180" width="10" height="10"/>
  <block x="42.085" y="30.975" material="solid" angle="90" width="10" height="10"/>
  <block x="32.891" y="31.353" material="solid" angle="90" width="10" height="10"/>
  <block x="21.457" y="36.313" material="solid" angle="45" width="10" height="10"/>
  <block x="51.186" y="31.738" material="solid" angle="0" width="10" height="10"/>
  <block x="42.056" y="21.924" material="solid" angle="0" width="10" height="10"/>
  <block x="42.056" y="12.541" material="solid" angle="0" width="10" height="10"/>
  <block x="23.496" y="29.193" material="solid" angle="0" width="10" height="10"/>
  <block x="32.575" y="12.65" material="solid" angle="0" width="10" height="10"/>
  <block x="73.662" y="1.341" material="solid" angle="-90" width="5" height="2"/>
  <block x="63.575" y="26.813" material="solid" angle="-90.001" width="5" height="2"/>
  <block x="83.078" y="27.45" material="solid" angle="-90.001" width="5" height="2"/>
  <ellipse x="82.889" y="33.693" material="stone" angle="-91.463" width="4" height="4"/>
  <ellipse x="111.784" y="25.608" material="stone" angle="89.479" width="4" height="4"/>
  <ellipse x="63.424" y="33.056" material="stone" angle="-90.88" width="4" height="4"/>
  <ellipse x="73.797" y="25.275" material="stone" angle="90.429" width="4" height="4"/>
  <ellipse x="111.881" y="57.675" material="stone" angle="-94.35" width="4" height="4"/>
  <ellipse x="73.825" y="45.572" material="stone" angle="-89.986" width="4" height="4"/>
  <ellipse x="121.21" y="34.2" material="stone" angle="89.379" width="4" height="4"/>
  <block x="30.398" y="46.577" material="solid" angle="0" width="7" height="2"/>
  <ellipse x="101.973" y="33.633" material="stone" angle="0.036" width="4" height="4"/>
  <ellipse x="92.68" y="24.728" material="stone" angle="89.989" width="4" height="4"/>
  <ellipse x="92.682" y="51.375" material="stone" angle="-89.962" width="4" height="4"/>
  <block x="41.821" y="3.463" material="solid" angle="89.997" width="10" height="10"/>
  <block x="134.426" y="4.668" material="solid" angle="-0.001" width="10" height="10"/>
  <block x="143.791" y="4.454" material="solid" angle="-0.001" width="10" height="10"/>
  <block x="51.326" y="23.05" material="solid" angle="179.999" width="10" height="10"/>
  <block x="134.432" y="23.716" material="solid" angle="-0.001" width="10" height="10"/>
  <block x="134.657" y="61.093" material="solid" angle="-0.001" width="10" height="10"/>
  <block x="61.829" y="1.356" material="ice" angle="165.164" width="2" height="2"/>
  <block x="78.135" y="2.494" material="ice" angle="126.448" width="2" height="2"/>
  <block x="96.786" y="2.992" material="ice" angle="144.511" width="2" height="2"/>
  <block x="114.499" y="1.124" material="ice" angle="90.046" width="2" height="2"/>
  <block x="115.833" y="2.591" material="ice" angle="132.371" width="1" height="1"/>
  <block x="69.016" y="0.635" material="ice" angle="90.049" width="1" height="1"/>
  <block x="118.807" y="0.663" material="ice" angle="179.287" width="1" height="1"/>
  <block x="83.009" y="30.962" material="ice" angle="-0.056" width="2" height="2"/>
  <block x="82.965" y="11.86" material="solid" angle="134.998" width="5" height="5"/>
  <block x="101.591" y="11.301" material="solid" angle="135" width="5" height="5"/>
  <block x="56.209" y="21.539" material="solid" angle="135" width="5" height="5"/>
  <block x="129.893" y="20.352" material="solid" angle="134.997" width="5" height="5"/>
  <block x="129.832" y="41.652" material="solid" angle="-45.002" width="5" height="5"/>
  <block x="121.582" y="11.572" material="solid" angle="134.997" width="5" height="5"/>
  <block x="75.962" y="1.541" material="ice" angle="134.91" width="2" height="2"/>
  <block x="111.958" y="22.853" material="ice" angle="89.926" width="2" height="2"/>
  <block x="82.478" y="1.043" material="solid" angle="89.998" width="5" height="2"/>
  <block x="73.595" y="18.988" material="solid" angle="89.997" width="5" height="2"/>
  <block x="112.083" y="51.431" material="solid" angle="-90.001" width="5" height="2"/>
  <block x="121.338" y="27.913" material="solid" angle="89.997" width="5" height="2"/>
  <block x="102.02" y="27.39" material="solid" angle="89.999" width="5" height="2"/>
  <block x="73.942" y="39.33" material="solid" angle="-90.001" width="5" height="2"/>
  <block x="92.125" y="1.199" material="solid" angle="89.997" width="5" height="2"/>
  <block x="121.409" y="1.371" material="solid" angle="-90" width="5" height="2"/>
  <block x="92.68" y="18.444" material="solid" angle="89.997" width="5" height="2"/>
  <block x="111.435" y="1.533" material="solid" angle="89.998" width="5" height="2"/>
  <block x="106.476" y="0.636" material="ice" angle="89.968" width="1" height="1"/>
  <block x="87.168" y="0.631" material="ice" angle="89.993" width="1" height="1"/>
  <block x="111.863" y="54.942" material="ice" angle="0.013" width="2" height="2"/>
  <block x="126.341" y="0.639" material="ice" angle="90.074" width="1" height="1"/>
  <block x="92.68" y="21.974" material="ice" angle="89.997" width="2" height="2"/>
  <block x="73.623" y="22.521" material="ice" angle="90.092" width="2" height="2"/>
  <block x="59.498" y="1.139" material="ice" angle="-179.593" width="2" height="2"/>
  <block x="73.866" y="42.84" material="ice" angle="-0.012" width="2" height="2"/>
  <block x="102.008" y="30.901" material="ice" angle="-0.013" width="2" height="2"/>
  <block x="92.695" y="48.644" material="ice" angle="-0.005" width="2" height="2"/>
  <block x="79.977" y="1.534" material="ice" angle="125.585" width="2" height="2"/>
  <block x="98.235" y="1.511" material="ice" angle="143.576" width="2" height="2"/>
  <block x="95.186" y="1.497" material="ice" angle="150.151" width="2" height="2"/>
  <block x="57.404" y="1.13" material="ice" angle="179.685" width="2" height="2"/>
  <block x="143.755" y="22.903" material="solid" angle="0" width="10" height="10"/>
  <block x="143.755" y="32.507" material="solid" angle="0" width="10" height="10"/>
  <block x="14.417" y="14.264" material="solid" angle="0" width="10" height="10"/>
  <block x="14.417" y="23.746" material="solid" angle="0" width="10" height="10"/>
  <block x="16.334" y="30" material="solid" angle="33.39" width="10" height="10"/>
  <block x="143.755" y="13.552" material="solid" angle="0" width="10" height="10"/>
  <block x="23.496" y="20.719" material="solid" angle="0" width="10" height="10"/>
  <block x="23.496" y="11.641" material="solid" angle="0" width="10" height="10"/>
  <block x="23.294" y="2.764" material="solid" angle="0" width="10" height="10"/>
  <block x="14.216" y="4.983" material="solid" angle="0" width="10" height="10"/>
  <block x="63.494" y="30.324" material="ice" angle="-0.023" width="2" height="2"/>
  <block x="117.038" y="1.517" material="ice" angle="129.194" width="2" height="2"/>
  <block x="92.793" y="45.132" material="solid" angle="-90.001" width="5" height="2"/>
  <block x="111.983" y="19.322" material="solid" angle="89.997" width="5" height="2"/>
  <block x="119.941" y="0.66" material="ice" angle="-179.965" width="1" height="1"/>
  <block x="30.398" y="44.12" material="solid" angle="0" width="9" height="3"/>
  <target type="big" x="126.271" y="3.022"/>
  <block x="63.954" y="1.077" material="solid" angle="89.997" width="5" height="2"/>
  <block x="101.476" y="1.141" material="solid" angle="89.998" width="5" height="2"/>
  <target type="big" x="106.454" y="3.018"/>
  <block x="121.327" y="31.446" material="ice" angle="89.931" width="2" height="2"/>
  <target type="big" x="87.111" y="3.015"/>
  <target type="big" x="69.049" y="3.017"/>
  <block x="63.872" y="10.629" material="solid" angle="-45.002" width="5" height="5"/>
  <block x="142.314" y="67.174" material="solid" angle="-25.809" width="10" height="10"/>
  <block x="136.396" y="67.174" material="solid" angle="-57.794" width="10" height="10"/>
  <block x="139.634" y="68.96" material="solid" angle="-90" width="10" height="10"/>
  <block x="143.877" y="60.14" material="solid" angle="-180" width="10" height="10"/>
  <block x="5" y="23.685" material="solid" angle="-180" width="10" height="10"/>
  <block x="5" y="14.116" material="solid" angle="-180" width="10" height="10"/>
  <block x="5" y="4.547" material="solid" angle="-180" width="10" height="10"/>
  <block x="143.755" y="50.705" material="solid" angle="0" width="10" height="10"/>
  <block x="143.755" y="41.606" material="solid" angle="0" width="10" height="10"/>
  <bozel x="24.202" y="43.676" type="blue" id="2"/>
  <bozel x="22.774" y="43.718" type="blue" id="3"/>
  <bozel x="30.618" y="48.575" type="red" id="1"/>
  <block x="134.67" y="51.927" material="solid" angle="-0.001" width="10" height="10"/>
  <block x="51.395" y="4.876" material="solid" angle="179.999" width="10" height="10"/>
  <block x="134.432" y="32.987" material="solid" angle="-0.001" width="10" height="10"/>
  <block x="134.426" y="14.192" material="solid" angle="-0.001" width="10" height="10"/>
  <block x="26.185" y="38.401" material="solid" angle="90" width="10" height="10"/>
  <block x="35.607" y="38.313" material="solid" angle="-180" width="10" height="10"/>
  <block x="134.547" y="42.273" material="solid" angle="-0.001" width="10" height="10"/>
  <block x="51.345" y="13.978" material="solid" angle="179.999" width="10" height="10"/>
  <block x="44.538" y="38.237" material="solid" angle="-180" width="10" height="10"/>
  <block x="49.249" y="36.317" material="solid" angle="-45" width="10" height="10"/>
</level>
