<?xml version="1.0"?>
<level>
  <ellipse x="76.315" y="1.484" material="metal" angle="315" width="3" height="3"/>
  <ellipse x="72.333" y="1.527" material="metal" angle="315" width="3" height="3"/>
  <block x="70.039" y="5.125" material="stone" angle="0.191" width="4" height="2"/>
  <block x="69.073" y="8.128" material="stone" angle="90.193" width="4" height="2"/>
  <block x="87.299" y="3.436" material="stone" angle="359.422" width="8" height="1"/>
  <block x="72.081" y="3.575" material="stone" angle="0.216" width="8" height="1"/>
  <ellipse x="87.151" y="1.527" material="metal" angle="270.001" width="3" height="3"/>
  <ellipse x="83.659" y="1.527" material="metal" angle="315" width="3" height="3"/>
  <ellipse x="68.325" y="1.527" material="metal" angle="315" width="3" height="3"/>
  <ellipse x="90.645" y="1.527" material="metal" angle="270.001" width="3" height="3"/>
  <target type="small" x="102.513" y="1.003"/>
  <target type="small" x="106.07" y="1.02"/>
  <target type="small" x="109.403" y="1.02"/>
  <target type="small" x="119.442" y="1.046"/>
  <block x="83.865" y="7.904" material="wood" angle="90" width="4" height="2"/>
  <block x="99.603" y="2.059" material="wood" angle="270.002" width="4" height="2"/>
  <block x="86.959" y="10.415" material="wood" angle="180" width="8" height="1"/>
  <block x="86.78" y="14.272" material="wood" angle="180" width="1" height="1"/>
  <block x="84.932" y="4.827" material="wood" angle="0" width="4" height="2"/>
  <block x="90.188" y="7.984" material="wood" angle="90" width="4" height="2"/>
  <bozel x="7.535" y="1.006" type="yellow" id="2"/>
  <bozel x="5.321" y="1.005" type="yellow" id="3"/>
  <bozel x="10" y="0.886" type="yellow" id="1"/>
  <block x="89.042" y="4.945" material="wood" angle="0" width="4" height="2"/>
  <block x="86.959" y="11.402" material="wood" angle="180" width="4" height="1"/>
  <ellipse x="94.369" y="1.47" material="metal" angle="90" width="3" height="3"/>
  <block x="72.06" y="18.767" material="stone" angle="180.194" width="1" height="1"/>
  <block x="66.587" y="0.462" material="stone" angle="90" width="1" height="1"/>
  <block x="72.168" y="17.215" material="stone" angle="180.202" width="2" height="2"/>
  <block x="134.184" y="-0.061" material="solid" angle="45" width="5" height="5"/>
  <block x="86.78" y="12.882" material="wood" angle="180" width="2" height="2"/>
  <target type="small" x="113.029" y="1.067"/>
  <target type="small" x="122.767" y="1.046"/>
  <target type="small" x="116.306" y="1.046"/>
  <target type="small" x="126.247" y="1.082"/>
  <block x="73.854" y="13.142" material="stone" angle="90.187" width="4" height="2"/>
  <block x="74.144" y="5.108" material="stone" angle="0.259" width="4" height="2"/>
  <block x="70.638" y="13.155" material="stone" angle="90.291" width="4" height="2"/>
  <block x="74.074" y="10.626" material="stone" angle="0.248" width="4" height="1"/>
  <block x="72.208" y="8.117000000000001" material="stone" angle="90.231" width="4" height="2"/>
  <block x="75.233" y="8.103" material="stone" angle="90.276" width="4" height="2"/>
  <target type="big" x="86.796" y="7.821"/>
  <block x="71.867" y="15.665" material="stone" angle="180.218" width="4" height="1"/>
  <block x="70" y="10.642" material="stone" angle="0.214" width="4" height="1"/>
</level>
